arm,seed,split,metric,value,n_instances,n_images,ci_low,ci_high,notes
real_only,1337,test,map,0.35673220731743893,3817,744,,,
real_only,1337,test,map_50,0.5754910359576368,3817,744,,,
real_only,1337,test,map_75,0.3985811878197068,3817,744,,,
real_only,1337,test,map_small,0.30089367459639366,2079,744,,,
real_only,1337,test,map_medium,0.43570168563943484,1583,744,,,
real_only,1337,test,map_large,0.46958212265522825,158,744,,,
real_only,1337,test,mar_1,0.11811530265352489,3817,744,,,
real_only,1337,test,mar_10,0.4897352381527682,3817,744,,,
real_only,1337,test,mar_100,0.6104487333084996,3817,744,,,
real_only,1337,test,mar_small,0.47299590929453633,2079,744,,,
real_only,1337,test,mar_medium,0.6488031073047542,1583,744,,,
real_only,1337,test,mar_large,0.7667593781200969,158,744,,,
real_only,1337,test,ap.helmet,0.5272079180944897,2825,744,,,
real_only,1337,test,ap.head,0.5410555687098804,879,744,,,
real_only,1337,test,ap.person,0.001933135147946654,113,744,,,
real_only,1337,test,ap_small.helmet,0.42030706598595363,1449,744,,,
real_only,1337,test,ap_small.head,0.4818771154691799,608,744,,,
real_only,1337,test,ap_small.person,0.00049684233404742,22,744,,,
real_only,1337,test,primary_map,0.534131743402185,3704,744,,,
real_only,1337,test,primary_map_small,0.45109209072756673,2057,744,,,
real_only,1337,test,instances.all,3817.0,3817,744,,,
real_only,1337,test,instances.small,2079.0,2079,744,,,
real_only,1337,test,instances.medium,1583.0,1583,744,,,
real_only,1337,test,instances.large,158.0,158,744,,,
real_only,1337,test,bare_head_recall,0.987485779294653,879,744,,,iou=0.5
real_only,1337,test,n_detections,223200.0,,744,,,
real_only,1337,test,real_image_exposures,49.83,,744,,,TRAIN-07 equal-step budget: times each real training image was seen. Not a Test-set quantity
real_only,1337,test,total_steps,10900.0,,744,,,"optimizer steps, from run_record.json"
real_only,1337,test/crowded,map,0.34829958758629503,1872,152,,,
real_only,1337,test/crowded,map_50,0.5765237576508347,1872,152,,,
real_only,1337,test/crowded,map_75,0.37661344400979463,1872,152,,,
real_only,1337,test/crowded,map_small,0.30544696875916066,1316,152,,,
real_only,1337,test/crowded,map_medium,0.4472371029801409,544,152,,,
real_only,1337,test/crowded,map_large,0.43524631925642715,15,152,,,
real_only,1337,test/crowded,mar_1,0.05875095999208401,1872,152,,,
real_only,1337,test/crowded,mar_10,0.3938700633874934,1872,152,,,
real_only,1337,test/crowded,mar_100,0.5410746498904994,1872,152,,,
real_only,1337,test/crowded,mar_small,0.4675964247133384,1316,152,,,
real_only,1337,test/crowded,mar_medium,0.6406597082831528,544,152,,,
real_only,1337,test/crowded,mar_large,0.7799999999999999,15,152,,,
real_only,1337,test/crowded,ap.helmet,0.5072355468853971,1175,152,,,
real_only,1337,test/crowded,ap.head,0.5362291956192441,661,152,,,
real_only,1337,test/crowded,ap.person,0.0014340202542438582,36,152,,,
real_only,1337,test/crowded,ap_small.helmet,0.4282938533001377,793,152,,,
real_only,1337,test/crowded,ap_small.head,0.486969500031737,501,152,,,
real_only,1337,test/crowded,ap_small.person,0.001077552945607414,22,152,,,
real_only,1337,test/crowded,primary_map,0.5217323712523205,1836,152,,,
real_only,1337,test/crowded,primary_map_small,0.45763167666593735,1294,152,,,
real_only,1337,test/crowded,instances.all,1872.0,1872,152,,,
real_only,1337,test/crowded,instances.small,1316.0,1316,152,,,
real_only,1337,test/crowded,instances.medium,544.0,544,152,,,
real_only,1337,test/crowded,instances.large,15.0,15,152,,,
real_only,1337,test/crowded,bare_head_recall,0.983358547655068,661,152,,,iou=0.5
real_only,1337,test/crowded,n_detections,45600.0,,152,,,
real_only,1337,test/low_light,map,0.36728586345602315,856,186,,,
real_only,1337,test/low_light,map_50,0.5878752008885585,856,186,,,
real_only,1337,test/low_light,map_75,0.42524687594468,856,186,,,
real_only,1337,test/low_light,map_small,0.4709084501287208,445,186,,,
real_only,1337,test/low_light,map_medium,0.4296184849812072,377,186,,,
real_only,1337,test/low_light,map_large,0.5045719290348784,34,186,,,
real_only,1337,test/low_light,mar_1,0.12370908364119328,856,186,,,
real_only,1337,test/low_light,mar_10,0.5358178574421973,856,186,,,
real_only,1337,test/low_light,mar_100,0.6663355272671339,856,186,,,
real_only,1337,test/low_light,mar_small,0.6088690371927366,445,186,,,
real_only,1337,test/low_light,mar_medium,0.6532467532467533,377,186,,,
real_only,1337,test/low_light,mar_large,0.8200952380952379,34,186,,,
real_only,1337,test/low_light,ap.helmet,0.522440755836595,679,186,,,
real_only,1337,test/low_light,ap.head,0.5771827847142159,164,186,,,
real_only,1337,test/low_light,ap.person,0.002234049817258328,13,186,,,
real_only,1337,test/low_light,ap_small.helmet,0.4250204543628444,346,186,,,
real_only,1337,test/low_light,ap_small.head,0.5167964458945972,99,186,,,
real_only,1337,test/low_light,ap_small.person,-1.0,0,186,,,
real_only,1337,test/low_light,primary_map,0.5498117702754055,843,186,,,
real_only,1337,test/low_light,primary_map_small,0.4709084501287208,445,186,,,
real_only,1337,test/low_light,instances.all,856.0,856,186,,,
real_only,1337,test/low_light,instances.small,445.0,445,186,,,
real_only,1337,test/low_light,instances.medium,377.0,377,186,,,
real_only,1337,test/low_light,instances.large,34.0,34,186,,,
real_only,1337,test/low_light,bare_head_recall,0.9939024390243902,164,186,,,iou=0.5
real_only,1337,test/low_light,n_detections,55800.0,,186,,,
real_only,1337,test/small_object,map,0.3494732401720585,2992,441,,,
real_only,1337,test/small_object,map_50,0.5754602345058444,2992,441,,,
real_only,1337,test/small_object,map_75,0.38250553193329795,2992,441,,,
real_only,1337,test/small_object,map_small,0.3060083143685682,2079,441,,,
real_only,1337,test/small_object,map_medium,0.44739519551988693,891,441,,,
real_only,1337,test/small_object,map_large,0.45477924438610184,25,441,,,
real_only,1337,test/small_object,mar_1,0.09867868063478366,2992,441,,,
real_only,1337,test/small_object,mar_10,0.4555618610204625,2992,441,,,
real_only,1337,test/small_object,mar_100,0.5769950338900356,2992,441,,,
real_only,1337,test/small_object,mar_small,0.47299590929453633,2079,441,,,
real_only,1337,test/small_object,mar_medium,0.6516739876813341,891,441,,,
real_only,1337,test/small_object,mar_large,0.7969444444444443,25,441,,,
real_only,1337,test/small_object,ap.helmet,0.5014077389306727,2069,441,,,
real_only,1337,test/small_object,ap.head,0.5453938146711549,844,441,,,
real_only,1337,test/small_object,ap.person,0.0016181669143481227,79,441,,,
real_only,1337,test/small_object,ap_small.helmet,0.432640648206822,1449,441,,,
real_only,1337,test/small_object,ap_small.head,0.48471516480847493,608,441,,,
real_only,1337,test/small_object,ap_small.person,0.0006691300904076099,22,441,,,
real_only,1337,test/small_object,primary_map,0.5234007768009138,2913,441,,,
real_only,1337,test/small_object,primary_map_small,0.4586779065076485,2057,441,,,
real_only,1337,test/small_object,instances.all,2992.0,2992,441,,,
real_only,1337,test/small_object,instances.small,2079.0,2079,441,,,
real_only,1337,test/small_object,instances.medium,891.0,891,441,,,
real_only,1337,test/small_object,instances.large,25.0,25,441,,,
real_only,1337,test/small_object,bare_head_recall,0.9869668246445498,844,441,,,iou=0.5
real_only,1337,test/small_object,n_detections,132300.0,,441,,,
standard_aug,1337,test,map,0.33564387164106907,3817,744,,,
standard_aug,1337,test,map_50,0.5460157234156904,3817,744,,,
standard_aug,1337,test,map_75,0.3698116159798411,3817,744,,,
standard_aug,1337,test,map_small,0.28350821732353837,2079,744,,,
standard_aug,1337,test,map_medium,0.4229034946817044,1583,744,,,
standard_aug,1337,test,map_large,0.4204515838912645,158,744,,,
standard_aug,1337,test,mar_1,0.1262890184273494,3817,744,,,
standard_aug,1337,test,mar_10,0.5013726512764237,3817,744,,,
standard_aug,1337,test,mar_100,0.6368734785103747,3817,744,,,
standard_aug,1337,test,mar_small,0.479710175884375,2079,744,,,
standard_aug,1337,test,mar_medium,0.6925764003262592,1583,744,,,
standard_aug,1337,test,mar_large,0.8040721723006704,158,744,,,
standard_aug,1337,test,ap.helmet,0.5006993827929042,2825,744,,,
standard_aug,1337,test,ap.head,0.49099022497954004,879,744,,,
standard_aug,1337,test,ap.person,0.01524200715076283,113,744,,,
standard_aug,1337,test,ap_small.helmet,0.4065005312228883,1449,744,,,
standard_aug,1337,test,ap_small.head,0.4406513390124962,608,744,,,
standard_aug,1337,test,ap_small.person,0.0033727817352304274,22,744,,,
standard_aug,1337,test,primary_map,0.4958448038862221,3704,744,,,
standard_aug,1337,test,primary_map_small,0.42357593511769226,2057,744,,,
standard_aug,1337,test,instances.all,3817.0,3817,744,,,
standard_aug,1337,test,instances.small,2079.0,2079,744,,,
standard_aug,1337,test,instances.medium,1583.0,1583,744,,,
standard_aug,1337,test,instances.large,158.0,158,744,,,
standard_aug,1337,test,bare_head_recall,0.987485779294653,879,744,,,iou=0.5
standard_aug,1337,test,n_detections,223200.0,,744,,,
standard_aug,1337,test,real_image_exposures,49.83,,744,,,TRAIN-07 equal-step budget: times each real training image was seen. Not a Test-set quantity
standard_aug,1337,test,total_steps,10900.0,,744,,,"optimizer steps, from run_record.json"
standard_aug,1337,test/crowded,map,0.3388735476806247,1872,152,,,
standard_aug,1337,test/crowded,map_50,0.5629626906620853,1872,152,,,
standard_aug,1337,test/crowded,map_75,0.3610324823551059,1872,152,,,
standard_aug,1337,test/crowded,map_small,0.29127860111146325,1316,152,,,
standard_aug,1337,test/crowded,map_medium,0.4729555006579694,544,152,,,
standard_aug,1337,test/crowded,map_large,0.39130604308505385,15,152,,,
standard_aug,1337,test/crowded,mar_1,0.05795274132728666,1872,152,,,
standard_aug,1337,test/crowded,mar_10,0.37975408466051264,1872,152,,,
standard_aug,1337,test/crowded,mar_100,0.5616687946838909,1872,152,,,
standard_aug,1337,test/crowded,mar_small,0.47415278350784384,1316,152,,,
standard_aug,1337,test/crowded,mar_medium,0.703384777792646,544,152,,,
standard_aug,1337,test/crowded,mar_large,0.7533333333333333,15,152,,,
standard_aug,1337,test/crowded,ap.helmet,0.48547727445932587,1175,152,,,
standard_aug,1337,test/crowded,ap.head,0.49982031686240824,661,152,,,
standard_aug,1337,test/crowded,ap.person,0.03132305172014006,36,152,,,
standard_aug,1337,test/crowded,ap_small.helmet,0.4137582977080686,793,152,,,
standard_aug,1337,test/crowded,ap_small.head,0.4536045746724043,501,152,,,
standard_aug,1337,test/crowded,ap_small.person,0.006472930953916937,22,152,,,
standard_aug,1337,test/crowded,primary_map,0.49264879566086706,1836,152,,,
standard_aug,1337,test/crowded,primary_map_small,0.43368143619023647,1294,152,,,
standard_aug,1337,test/crowded,instances.all,1872.0,1872,152,,,
standard_aug,1337,test/crowded,instances.small,1316.0,1316,152,,,
standard_aug,1337,test/crowded,instances.medium,544.0,544,152,,,
standard_aug,1337,test/crowded,instances.large,15.0,15,152,,,
standard_aug,1337,test/crowded,bare_head_recall,0.983358547655068,661,152,,,iou=0.5
standard_aug,1337,test/crowded,n_detections,45600.0,,152,,,
standard_aug,1337,test/low_light,map,0.3343862765694333,856,186,,,
standard_aug,1337,test/low_light,map_50,0.5470111169749745,856,186,,,
standard_aug,1337,test/low_light,map_75,0.3707958866322357,856,186,,,
standard_aug,1337,test/low_light,map_small,0.43182734818845603,445,186,,,
standard_aug,1337,test/low_light,map_medium,0.39843108746334355,377,186,,,
standard_aug,1337,test/low_light,map_large,0.4804230364727091,34,186,,,
standard_aug,1337,test/low_light,mar_1,0.14876416224794395,856,186,,,
standard_aug,1337,test/low_light,mar_10,0.5133327300475904,856,186,,,
standard_aug,1337,test/low_light,mar_100,0.6579245957294736,856,186,,,
standard_aug,1337,test/low_light,mar_small,0.6045381561277515,445,186,,,
standard_aug,1337,test/low_light,mar_medium,0.6465969215969215,377,186,,,
standard_aug,1337,test/low_light,mar_large,0.8073333333333333,34,186,,,
standard_aug,1337,test/low_light,ap.helmet,0.48672053080810823,679,186,,,
standard_aug,1337,test/low_light,ap.head,0.5128551375025749,164,186,,,
standard_aug,1337,test/low_light,ap.person,0.0035831613976168115,13,186,,,
standard_aug,1337,test/low_light,ap_small.helmet,0.4139528404463333,346,186,,,
standard_aug,1337,test/low_light,ap_small.head,0.44970185593057876,99,186,,,
standard_aug,1337,test/low_light,ap_small.person,-1.0,0,186,,,
standard_aug,1337,test/low_light,primary_map,0.49978783415534156,843,186,,,
standard_aug,1337,test/low_light,primary_map_small,0.43182734818845603,445,186,,,
standard_aug,1337,test/low_light,instances.all,856.0,856,186,,,
standard_aug,1337,test/low_light,instances.small,445.0,445,186,,,
standard_aug,1337,test/low_light,instances.medium,377.0,377,186,,,
standard_aug,1337,test/low_light,instances.large,34.0,34,186,,,
standard_aug,1337,test/low_light,bare_head_recall,0.9878048780487805,164,186,,,iou=0.5
standard_aug,1337,test/low_light,n_detections,55800.0,,186,,,
standard_aug,1337,test/small_object,map,0.3341185070553935,2992,441,,,
standard_aug,1337,test/small_object,map_50,0.5530920356082071,2992,441,,,
standard_aug,1337,test/small_object,map_75,0.3622910288031233,2992,441,,,
standard_aug,1337,test/small_object,map_small,0.28760091933156795,2079,441,,,
standard_aug,1337,test/small_object,map_medium,0.4410712511160851,891,441,,,
standard_aug,1337,test/small_object,map_large,0.41038110764338626,25,441,,,
standard_aug,1337,test/small_object,mar_1,0.09774567399133478,2992,441,,,
standard_aug,1337,test/small_object,mar_10,0.45632680733542164,2992,441,,,
standard_aug,1337,test/small_object,mar_100,0.6015535304516045,2992,441,,,
standard_aug,1337,test/small_object,mar_small,0.479710175884375,2079,441,,,
standard_aug,1337,test/small_object,mar_medium,0.6864199083195548,891,441,,,
standard_aug,1337,test/small_object,mar_large,0.8052777777777778,25,441,,,
standard_aug,1337,test/small_object,ap.helmet,0.4793230342697095,2069,441,,,
standard_aug,1337,test/small_object,ap.head,0.4986842379210468,844,441,,,
standard_aug,1337,test/small_object,ap.person,0.02434824897542404,79,441,,,
standard_aug,1337,test/small_object,ap_small.helmet,0.4169146867078151,1449,441,,,
standard_aug,1337,test/small_object,ap_small.head,0.4419102825073342,608,441,,,
standard_aug,1337,test/small_object,ap_small.person,0.003977788779554404,22,441,,,
standard_aug,1337,test/small_object,primary_map,0.48900363609537817,2913,441,,,
standard_aug,1337,test/small_object,primary_map_small,0.42941248460757464,2057,441,,,
standard_aug,1337,test/small_object,instances.all,2992.0,2992,441,,,
standard_aug,1337,test/small_object,instances.small,2079.0,2079,441,,,
standard_aug,1337,test/small_object,instances.medium,891.0,891,441,,,
standard_aug,1337,test/small_object,instances.large,25.0,25,441,,,
standard_aug,1337,test/small_object,bare_head_recall,0.9869668246445498,844,441,,,iou=0.5
standard_aug,1337,test/small_object,n_detections,132300.0,,441,,,
unfiltered_syn,1337,test,map,0.3091283301636843,3817,744,,,
unfiltered_syn,1337,test,map_50,0.5072145997151861,3817,744,,,
unfiltered_syn,1337,test,map_75,0.3356610437054401,3817,744,,,
unfiltered_syn,1337,test,map_small,0.2506275413273255,2079,744,,,
unfiltered_syn,1337,test,map_medium,0.4113787787089736,1583,744,,,
unfiltered_syn,1337,test,map_large,0.39443478450376945,158,744,,,
unfiltered_syn,1337,test,mar_1,0.11274841013353197,3817,744,,,
unfiltered_syn,1337,test,mar_10,0.48138247740627765,3817,744,,,
unfiltered_syn,1337,test,mar_100,0.6272463143623251,3817,744,,,
unfiltered_syn,1337,test,mar_small,0.4626285706305729,2079,744,,,
unfiltered_syn,1337,test,mar_medium,0.6804619508101578,1583,744,,,
unfiltered_syn,1337,test,mar_large,0.798844672657253,158,744,,,
unfiltered_syn,1337,test,ap.helmet,0.41179849853209594,2825,744,,,
unfiltered_syn,1337,test,ap.head,0.5075530944009348,879,744,,,
unfiltered_syn,1337,test,ap.person,0.008033397558022324,113,744,,,
unfiltered_syn,1337,test,ap_small.helmet,0.29562554255616097,1449,744,,,
unfiltered_syn,1337,test,ap_small.head,0.4561212597064738,608,744,,,
unfiltered_syn,1337,test,ap_small.person,0.00013582171934178208,22,744,,,
unfiltered_syn,1337,test,primary_map,0.45967579646651535,3704,744,,,
unfiltered_syn,1337,test,primary_map_small,0.3758734011313174,2057,744,,,
unfiltered_syn,1337,test,instances.all,3817.0,3817,744,,,
unfiltered_syn,1337,test,instances.small,2079.0,2079,744,,,
unfiltered_syn,1337,test,instances.medium,1583.0,1583,744,,,
unfiltered_syn,1337,test,instances.large,158.0,158,744,,,
unfiltered_syn,1337,test,bare_head_recall,0.9897610921501706,879,744,,,iou=0.5
unfiltered_syn,1337,test,n_detections,223200.0,,744,,,
unfiltered_syn,1337,test,real_image_exposures,24.91,,744,,,TRAIN-07 equal-step budget: times each real training image was seen. Not a Test-set quantity
unfiltered_syn,1337,test,total_steps,10900.0,,744,,,"optimizer steps, from run_record.json"
unfiltered_syn,1337,test/crowded,map,0.3244999378367545,1872,152,,,
unfiltered_syn,1337,test/crowded,map_50,0.5406607819034793,1872,152,,,
unfiltered_syn,1337,test/crowded,map_75,0.3468911776126634,1872,152,,,
unfiltered_syn,1337,test/crowded,map_small,0.2797148951471452,1316,152,,,
unfiltered_syn,1337,test/crowded,map_medium,0.4433308077368412,544,152,,,
unfiltered_syn,1337,test/crowded,map_large,0.33673744847782106,15,152,,,
unfiltered_syn,1337,test/crowded,mar_1,0.05248470867623023,1872,152,,,
unfiltered_syn,1337,test/crowded,mar_10,0.3660115294423402,1872,152,,,
unfiltered_syn,1337,test/crowded,mar_100,0.5412709961385727,1872,152,,,
unfiltered_syn,1337,test/crowded,mar_small,0.45870799575521287,1316,152,,,
unfiltered_syn,1337,test/crowded,mar_medium,0.6542614523395334,544,152,,,
unfiltered_syn,1337,test/crowded,mar_large,0.7625,15,152,,,
unfiltered_syn,1337,test/crowded,ap.helmet,0.4507811230898928,1175,152,,,
unfiltered_syn,1337,test/crowded,ap.head,0.5157772692683206,661,152,,,
unfiltered_syn,1337,test/crowded,ap.person,0.006941421152050155,36,152,,,
unfiltered_syn,1337,test/crowded,ap_small.helmet,0.37292840319266585,793,152,,,
unfiltered_syn,1337,test/crowded,ap_small.head,0.46566026569524854,501,152,,,
unfiltered_syn,1337,test/crowded,ap_small.person,0.0005560165535211795,22,152,,,
unfiltered_syn,1337,test/crowded,primary_map,0.4832791961791067,1836,152,,,
unfiltered_syn,1337,test/crowded,primary_map_small,0.4192943344439572,1294,152,,,
unfiltered_syn,1337,test/crowded,instances.all,1872.0,1872,152,,,
unfiltered_syn,1337,test/crowded,instances.small,1316.0,1316,152,,,
unfiltered_syn,1337,test/crowded,instances.medium,544.0,544,152,,,
unfiltered_syn,1337,test/crowded,instances.large,15.0,15,152,,,
unfiltered_syn,1337,test/crowded,bare_head_recall,0.9863842662632375,661,152,,,iou=0.5
unfiltered_syn,1337,test/crowded,n_detections,45600.0,,152,,,
unfiltered_syn,1337,test/low_light,map,0.31508659890847446,856,186,,,
unfiltered_syn,1337,test/low_light,map_50,0.5056960384823695,856,186,,,
unfiltered_syn,1337,test/low_light,map_75,0.3579180887532905,856,186,,,
unfiltered_syn,1337,test/low_light,map_small,0.38838595532275144,445,186,,,
unfiltered_syn,1337,test/low_light,map_medium,0.3920912270650229,377,186,,,
unfiltered_syn,1337,test/low_light,map_large,0.43522635247628894,34,186,,,
unfiltered_syn,1337,test/low_light,mar_1,0.13178281989571905,856,186,,,
unfiltered_syn,1337,test/low_light,mar_10,0.5125596953545155,856,186,,,
unfiltered_syn,1337,test/low_light,mar_100,0.6757098278471172,856,186,,,
unfiltered_syn,1337,test/low_light,mar_small,0.6103082851637766,445,186,,,
unfiltered_syn,1337,test/low_light,mar_medium,0.6841510341510341,377,186,,,
unfiltered_syn,1337,test/low_light,mar_large,0.7985714285714285,34,186,,,
unfiltered_syn,1337,test/low_light,ap.helmet,0.4063840305637641,679,186,,,
unfiltered_syn,1337,test/low_light,ap.head,0.526189721176449,164,186,,,
unfiltered_syn,1337,test/low_light,ap.person,0.012686044985210301,13,186,,,
unfiltered_syn,1337,test/low_light,ap_small.helmet,0.3323241117734003,346,186,,,
unfiltered_syn,1337,test/low_light,ap_small.head,0.4444477988721025,99,186,,,
unfiltered_syn,1337,test/low_light,ap_small.person,-1.0,0,186,,,
unfiltered_syn,1337,test/low_light,primary_map,0.46628687587010653,843,186,,,
unfiltered_syn,1337,test/low_light,primary_map_small,0.38838595532275144,445,186,,,
unfiltered_syn,1337,test/low_light,instances.all,856.0,856,186,,,
unfiltered_syn,1337,test/low_light,instances.small,445.0,445,186,,,
unfiltered_syn,1337,test/low_light,instances.medium,377.0,377,186,,,
unfiltered_syn,1337,test/low_light,instances.large,34.0,34,186,,,
unfiltered_syn,1337,test/low_light,bare_head_recall,0.9939024390243902,164,186,,,iou=0.5
unfiltered_syn,1337,test/low_light,n_detections,55800.0,,186,,,
unfiltered_syn,1337,test/small_object,map,0.3066560107805621,2992,441,,,
unfiltered_syn,1337,test/small_object,map_50,0.5101819164334206,2992,441,,,
unfiltered_syn,1337,test/small_object,map_75,0.32864615919941353,2992,441,,,
unfiltered_syn,1337,test/small_object,map_small,0.25896584023501446,2079,441,,,
unfiltered_syn,1337,test/small_object,map_medium,0.4284029799647792,891,441,,,
unfiltered_syn,1337,test/small_object,map_large,0.31187852716624465,25,441,,,
unfiltered_syn,1337,test/small_object,mar_1,0.08721105289822016,2992,441,,,
unfiltered_syn,1337,test/small_object,mar_10,0.4400614641354753,2992,441,,,
unfiltered_syn,1337,test/small_object,mar_100,0.5913781867541926,2992,441,,,
unfiltered_syn,1337,test/small_object,mar_small,0.4626285706305729,2079,441,,,
unfiltered_syn,1337,test/small_object,mar_medium,0.6808198656365544,891,441,,,
unfiltered_syn,1337,test/small_object,mar_large,0.8008333333333334,25,441,,,
unfiltered_syn,1337,test/small_object,ap.helmet,0.3971059089123333,2069,441,,,
unfiltered_syn,1337,test/small_object,ap.head,0.5160574801286406,844,441,,,
unfiltered_syn,1337,test/small_object,ap.person,0.0068046433007125,79,441,,,
unfiltered_syn,1337,test/small_object,ap_small.helmet,0.31871063701076324,1449,441,,,
unfiltered_syn,1337,test/small_object,ap_small.head,0.45798728271414824,608,441,,,
unfiltered_syn,1337,test/small_object,ap_small.person,0.00019960098013184266,22,441,,,
unfiltered_syn,1337,test/small_object,primary_map,0.45658169452048697,2913,441,,,
unfiltered_syn,1337,test/small_object,primary_map_small,0.38834895986245577,2057,441,,,
unfiltered_syn,1337,test/small_object,instances.all,2992.0,2992,441,,,
unfiltered_syn,1337,test/small_object,instances.small,2079.0,2079,441,,,
unfiltered_syn,1337,test/small_object,instances.medium,891.0,891,441,,,
unfiltered_syn,1337,test/small_object,instances.large,25.0,25,441,,,
unfiltered_syn,1337,test/small_object,bare_head_recall,0.9893364928909952,844,441,,,iou=0.5
unfiltered_syn,1337,test/small_object,n_detections,132300.0,,441,,,
filtered_syn,1337,test,map,0.32631180763879675,3817,744,,,
filtered_syn,1337,test,map_50,0.5389767255084521,3817,744,,,
filtered_syn,1337,test,map_75,0.3512430766822792,3817,744,,,
filtered_syn,1337,test,map_small,0.24524660123793054,2079,744,,,
filtered_syn,1337,test,map_medium,0.4240754398751948,1583,744,,,
filtered_syn,1337,test,map_large,0.5070084230602189,158,744,,,
filtered_syn,1337,test,mar_1,0.10913697182035095,3817,744,,,
filtered_syn,1337,test,mar_10,0.48277908994197616,3817,744,,,
filtered_syn,1337,test,mar_100,0.6092867129112259,3817,744,,,
filtered_syn,1337,test,mar_small,0.4686306338694782,2079,744,,,
filtered_syn,1337,test,mar_medium,0.6546495733534107,1583,744,,,
filtered_syn,1337,test,mar_large,0.7771002710027102,158,744,,,
filtered_syn,1337,test,ap.helmet,0.4794771830925097,2825,744,,,
filtered_syn,1337,test,ap.head,0.49204848973212423,879,744,,,
filtered_syn,1337,test,ap.person,0.0074097500917561605,113,744,,,
filtered_syn,1337,test,ap_small.helmet,0.29944104363678226,1449,744,,,
filtered_syn,1337,test,ap_small.head,0.43342704546253835,608,744,,,
filtered_syn,1337,test,ap_small.person,0.002871714614470892,22,744,,,
filtered_syn,1337,test,primary_map,0.485762836412317,3704,744,,,
filtered_syn,1337,test,primary_map_small,0.36643404454966033,2057,744,,,
filtered_syn,1337,test,instances.all,3817.0,3817,744,,,
filtered_syn,1337,test,instances.small,2079.0,2079,744,,,
filtered_syn,1337,test,instances.medium,1583.0,1583,744,,,
filtered_syn,1337,test,instances.large,158.0,158,744,,,
filtered_syn,1337,test,bare_head_recall,0.9886234357224118,879,744,,,iou=0.5
filtered_syn,1337,test,n_detections,223200.0,,744,,,
filtered_syn,1337,test,real_image_exposures,24.91,,744,,,TRAIN-07 equal-step budget: times each real training image was seen. Not a Test-set quantity
filtered_syn,1337,test,total_steps,10900.0,,744,,,"optimizer steps, from run_record.json"
filtered_syn,1337,test/crowded,map,0.3247110279736989,1872,152,,,
filtered_syn,1337,test/crowded,map_50,0.5480829860116309,1872,152,,,
filtered_syn,1337,test/crowded,map_75,0.3396098541697442,1872,152,,,
filtered_syn,1337,test/crowded,map_small,0.2687763815837129,1316,152,,,
filtered_syn,1337,test/crowded,map_medium,0.4471650006120489,544,152,,,
filtered_syn,1337,test/crowded,map_large,0.46766345923541086,15,152,,,
filtered_syn,1337,test/crowded,mar_1,0.04743657256896385,1872,152,,,
filtered_syn,1337,test/crowded,mar_10,0.3815548867501422,1872,152,,,
filtered_syn,1337,test/crowded,mar_100,0.5403866005252684,1872,152,,,
filtered_syn,1337,test/crowded,mar_small,0.46415177593149515,1316,152,,,
filtered_syn,1337,test/crowded,mar_medium,0.6499998141457394,544,152,,,
filtered_syn,1337,test/crowded,mar_large,0.7449999999999999,15,152,,,
filtered_syn,1337,test/crowded,ap.helmet,0.46587114926332146,1175,152,,,
filtered_syn,1337,test/crowded,ap.head,0.49522393435706685,661,152,,,
filtered_syn,1337,test/crowded,ap.person,0.013038000300708182,36,152,,,
filtered_syn,1337,test/crowded,ap_small.helmet,0.35991072830455223,793,152,,,
filtered_syn,1337,test/crowded,ap_small.head,0.44227187560318787,501,152,,,
filtered_syn,1337,test/crowded,ap_small.person,0.004146540843398771,22,152,,,
filtered_syn,1337,test/crowded,primary_map,0.48054754181019416,1836,152,,,
filtered_syn,1337,test/crowded,primary_map_small,0.40109130195387005,1294,152,,,
filtered_syn,1337,test/crowded,instances.all,1872.0,1872,152,,,
filtered_syn,1337,test/crowded,instances.small,1316.0,1316,152,,,
filtered_syn,1337,test/crowded,instances.medium,544.0,544,152,,,
filtered_syn,1337,test/crowded,instances.large,15.0,15,152,,,
filtered_syn,1337,test/crowded,bare_head_recall,0.9848714069591528,661,152,,,iou=0.5
filtered_syn,1337,test/crowded,n_detections,45600.0,,152,,,
filtered_syn,1337,test/low_light,map,0.3357296530927995,856,186,,,
filtered_syn,1337,test/low_light,map_50,0.5441684282670598,856,186,,,
filtered_syn,1337,test/low_light,map_75,0.3781791585373165,856,186,,,
filtered_syn,1337,test/low_light,map_small,0.3933771080708713,445,186,,,
filtered_syn,1337,test/low_light,map_medium,0.4145711277242547,377,186,,,
filtered_syn,1337,test/low_light,map_large,0.49103466607225155,34,186,,,
filtered_syn,1337,test/low_light,mar_1,0.10150809922622846,856,186,,,
filtered_syn,1337,test/low_light,mar_10,0.48001896896163926,856,186,,,
filtered_syn,1337,test/low_light,mar_100,0.6508403171717227,856,186,,,
filtered_syn,1337,test/low_light,mar_small,0.5890815671162493,445,186,,,
filtered_syn,1337,test/low_light,mar_medium,0.6533189033189032,377,186,,,
filtered_syn,1337,test/low_light,mar_large,0.7704761904761903,34,186,,,
filtered_syn,1337,test/low_light,ap.helmet,0.4757552062814491,679,186,,,
filtered_syn,1337,test/low_light,ap.head,0.528444265186147,164,186,,,
filtered_syn,1337,test/low_light,ap.person,0.002989487810802808,13,186,,,
filtered_syn,1337,test/low_light,ap_small.helmet,0.3268173886751949,346,186,,,
filtered_syn,1337,test/low_light,ap_small.head,0.4599368274665477,99,186,,,
filtered_syn,1337,test/low_light,ap_small.person,-1.0,0,186,,,
filtered_syn,1337,test/low_light,primary_map,0.502099735733798,843,186,,,
filtered_syn,1337,test/low_light,primary_map_small,0.3933771080708713,445,186,,,
filtered_syn,1337,test/low_light,instances.all,856.0,856,186,,,
filtered_syn,1337,test/low_light,instances.small,445.0,445,186,,,
filtered_syn,1337,test/low_light,instances.medium,377.0,377,186,,,
filtered_syn,1337,test/low_light,instances.large,34.0,34,186,,,
filtered_syn,1337,test/low_light,bare_head_recall,0.9878048780487805,164,186,,,iou=0.5
filtered_syn,1337,test/low_light,n_detections,55800.0,,186,,,
filtered_syn,1337,test/small_object,map,0.31370148269517073,2992,441,,,
filtered_syn,1337,test/small_object,map_50,0.5302578003915154,2992,441,,,
filtered_syn,1337,test/small_object,map_75,0.3293216781093915,2992,441,,,
filtered_syn,1337,test/small_object,map_small,0.2560821434626333,2079,441,,,
filtered_syn,1337,test/small_object,map_medium,0.4333401766836218,891,441,,,
filtered_syn,1337,test/small_object,map_large,0.5016208720792168,25,441,,,
filtered_syn,1337,test/small_object,mar_1,0.08499617883365831,2992,441,,,
filtered_syn,1337,test/small_object,mar_10,0.43998146929318727,2992,441,,,
filtered_syn,1337,test/small_object,mar_100,0.574621549599779,2992,441,,,
filtered_syn,1337,test/small_object,mar_small,0.4686306338694782,2079,441,,,
filtered_syn,1337,test/small_object,mar_medium,0.6545286003606053,891,441,,,
filtered_syn,1337,test/small_object,mar_large,0.8002777777777779,25,441,,,
filtered_syn,1337,test/small_object,ap.helmet,0.4354269548941189,2069,441,,,
filtered_syn,1337,test/small_object,ap.head,0.49688292698218556,844,441,,,
filtered_syn,1337,test/small_object,ap.person,0.00879456620920762,79,441,,,
filtered_syn,1337,test/small_object,ap_small.helmet,0.3299784262321505,1449,441,,,
filtered_syn,1337,test/small_object,ap_small.head,0.4351237178501591,608,441,,,
filtered_syn,1337,test/small_object,ap_small.person,0.0031442863055904055,22,441,,,
filtered_syn,1337,test/small_object,primary_map,0.46615494093815224,2913,441,,,
filtered_syn,1337,test/small_object,primary_map_small,0.3825510720411548,2057,441,,,
filtered_syn,1337,test/small_object,instances.all,2992.0,2992,441,,,
filtered_syn,1337,test/small_object,instances.small,2079.0,2079,441,,,
filtered_syn,1337,test/small_object,instances.medium,891.0,891,441,,,
filtered_syn,1337,test/small_object,instances.large,25.0,25,441,,,
filtered_syn,1337,test/small_object,bare_head_recall,0.9881516587677726,844,441,,,iou=0.5
filtered_syn,1337,test/small_object,n_detections,132300.0,,441,,,
real_only,1337,test,bare_head_recall_at_op,0.8930602957906713,879,744,,,"IoU 0.50 at the frozen compliance threshold 0.07 (EVAL-05b); the value at threshold 0 is a ceiling, not a result"
real_only,1337,val,op_usable,1.0,,756,,,EVAL-04 selected on VALIDATION against a 0.80 precision floor
real_only,1337,val,operating_point,0.07,,756,,,EVAL-04 selected on VALIDATION against a 0.80 precision floor
real_only,1337,val,op_bare_head_recall,0.8574850299401198,,756,,,EVAL-04 selected on VALIDATION against a 0.80 precision floor
real_only,1337,val,op_compliance_precision,0.8507021433850702,,756,,,EVAL-04 selected on VALIDATION against a 0.80 precision floor
standard_aug,1337,test,bare_head_recall_at_op,0.46871444823663255,879,744,,,"IoU 0.50 at the frozen compliance threshold 0.07 (EVAL-05b); the value at threshold 0 is a ceiling, not a result"
standard_aug,1337,val,op_usable,1.0,,756,,,EVAL-04 selected on VALIDATION against a 0.80 precision floor
standard_aug,1337,val,operating_point,0.04,,756,,,EVAL-04 selected on VALIDATION against a 0.80 precision floor
standard_aug,1337,val,op_bare_head_recall,0.8431137724550898,,756,,,EVAL-04 selected on VALIDATION against a 0.80 precision floor
standard_aug,1337,val,op_compliance_precision,0.8203463203463204,,756,,,EVAL-04 selected on VALIDATION against a 0.80 precision floor
unfiltered_syn,1337,test,bare_head_recall_at_op,0.3572241183162685,879,744,,,"IoU 0.50 at the frozen compliance threshold 0.07 (EVAL-05b); the value at threshold 0 is a ceiling, not a result"
unfiltered_syn,1337,val,op_usable,0.0,,756,,,no threshold reaches the 0.80 precision floor while still detecting anything; this arm has no usable operating point
filtered_syn,1337,test,bare_head_recall_at_op,0.5574516496018203,879,744,,,"IoU 0.50 at the frozen compliance threshold 0.07 (EVAL-05b); the value at threshold 0 is a ceiling, not a result"
filtered_syn,1337,val,op_usable,1.0,,756,,,EVAL-04 selected on VALIDATION against a 0.80 precision floor
filtered_syn,1337,val,operating_point,0.065,,756,,,EVAL-04 selected on VALIDATION against a 0.80 precision floor
filtered_syn,1337,val,op_bare_head_recall,0.6395209580838324,,756,,,EVAL-04 selected on VALIDATION against a 0.80 precision floor
filtered_syn,1337,val,op_compliance_precision,0.8075530263838593,,756,,,EVAL-04 selected on VALIDATION against a 0.80 precision floor
